{
    "pause": [0.0589041095890411, 0.03076923076923077],
    "ad_close": [0.9684684684684685, 0.05],
    "eventCal_close": [0.8885135135135135, 0.094],
    "mail": [0.7894144144144144, 0.906],
    "alliance": [0.7015765765765766, 0.912],
    "quest": [0.6126126126126126, 0.912],
    "items": [0.5304054054054054, 0.914],
    "more": [0.4403153153153153, 0.908],
    "viedoad": [0.33783783783783783, 0.898],
    "help": [0.8322072072072072, 0.778],
    "battlepass": [0.9436936936936937, 0.612],
    "superchest": [0.9436936936936937, 0.778],
    "help_helpall": [0.7871621621621622, 0.896],
    "start_ws": [0.5743243243243243, 0.298],
    "ok": [0.5078828828828829, 0.814],
    "mail2_1": [0.4099099099099099, 0.232],
    "mail_2_2": [0.42567567567567566, 0.42],
    "mail_2_3": [0.4313063063063063, 0.612],
    "mail_2_4": [0.38513513513513514, 0.766],
    "mail_3_1_instant_check": [0.30518018018018017, 0.894],
    "mail_3_collect_reward": [0.5022522522522522, 0.868],
    "main_back": [0.03490990990990991, 0.042],
    "mail_3_confirm_already": [0.49774774774774777, 0.68],
    "mail_3_check": [0.33783783783783783, 0.892],
    "mail_3_2_2_select_all": [0.06644144144144144, 0.898],
    "mail_3_2_2_3_delete": [0.14527027027027026, 0.894]
}