{
    "n": [[0.5, 0.846], [0.5, 0.086]],
    "s": [[0.48873873873873874, 0.064], [0.48873873873873874, 0.872]],
    "w": [[0.11599099099099099, 0.506], [0.9144144144144144, 0.506]],
    "e": [[0.9211711711711712, 0.536], [0.10135135135135136, 0.536]]
}